row_id,label,score
2,0,0.13467279738240484
11,0,0.28454175477453936
13,0,0.22864392481642232
15,0,0.11832204708368899
21,1,0.5457531796011195
22,0,0.48951627427513356
26,0,0.2109293232167106
29,0,0.016916907387923563
34,0,0.2241245579956579
36,1,0.9338910957183776
42,0,0.46204540820408463
44,0,0.1653945228774666
47,0,0.23079611124387622
49,0,0.12809504488901924
53,0,0.12182827222576503
58,0,0.10111338849178464
67,0,0.3781672851947836
69,0,0.23892921193861716
72,0,0.07672290077314975
76,0,0.4546439020289186
77,1,0.9219929103419104
89,0,0.10104282321661989
107,0,0.05671099944491548
108,0,0.4120590618943457
115,0,0.07924988280526513
118,0,0.21633629116263403
119,0,0.1255536367010397
126,0,0.04260344273464489
128,0,0.22903164821320227
131,0,0.36109404837540116
138,0,0.39910655021038266
142,1,0.9956953291459285
148,0,0.26891246542212915
160,0,0.3671662768243377
163,0,0.4142716488041695
166,0,0.2672658260075666
169,0,0.22087173859610243
173,0,0.2087075572411516
174,0,0.09452548509316988
188,0,0.09814545469627861
196,0,0.38678775665720205
197,0,0.18148835851578804
202,0,0.28322830358463136
204,0,0.4706476436858464
208,0,0.36039760504121915
210,0,0.20605433731561984
213,0,0.04735774203438525
217,0,0.021029716737693105
219,0,0.34288629778584717
220,1,0.5875623993525627
222,0,0.2133023570315677
224,1,0.5055175357351078
225,0,0.10831400251405365
231,1,0.7323402603286401
241,1,0.871820840443262
258,0,0.13328837818103967
270,1,0.837011130583882
278,0,0.38415863388994326
283,0,0.25177523393177237
286,1,0.8371777194390491
287,0,0.08903739696403412
289,1,0.802812759690131
296,0,0.14761006666438692
306,0,0.4808739893937749
313,1,0.8417198152010636
315,0,0.28561952770025917
319,0,0.11430905420540921
324,0,0.10638221067789211
328,1,0.5498009422338784
329,0,0.14959226659133879
335,0,0.345747079444183
339,1,0.5223001496630536
346,0,0.47182205303802405
348,1,0.8331048738237274
352,0,0.13159151331788
356,1,0.9339939039985125
365,0,0.1436030105311829
366,1,0.8253382668891553
371,0,0.3096458769991911
388,0,0.3120799947687258
401,1,0.7212300762364493
411,0,0.17720497269257074
413,0,0.3767957264310291
427,0,0.44569430113377395
428,0,0.025432408051331512
431,0,0.10499549805183339
437,0,0.08033132232970175
443,1,0.6671752168578484
449,1,0.6769473453690895
450,1,0.8231615711764986
451,0,0.4794467463685597
453,0,0.4914935548030594
460,0,0.08661912178224995
463,0,0.35648831882273385
469,0,0.25328228709799855
472,0,0.2711403659378124
478,0,0.343944249317094
481,1,0.7697665594700552
486,0,0.09910919128313289
494,0,0.3680902734550928
497,0,0.0733314644937848
505,0,0.20041982763257504
508,0,0.2054407031039523
509,0,0.45343794077446126
510,0,0.03794131966212183
515,0,0.0604657059338119
517,0,0.029939724013750058
523,0,0.3052857999112318
526,0,0.3308182824330223
527,0,0.31092775425876945
552,0,0.46991554168362093
562,0,0.45290621427425026
577,0,0.038624254513752954
578,0,0.3362304762386131
582,0,0.4158424382966476
607,0,0.08954657344285849
608,0,0.23166848801431433
616,0,0.03639259091978403
617,0,0.4319626873365336
623,0,0.20832952471323318
625,0,0.27981825377730346
633,0,0.3627203049698599
635,0,0.12201759233725556
639,0,0.3616061243801647
645,0,0.09073476123179852
646,0,0.29538806402764106
652,0,0.042996313291737254
655,0,0.2711992663712169
657,1,0.9243193062402808
659,1,0.9243598441146149
665,1,0.8814464478245848
668,0,0.2850038918773312
679,1,0.7139276995174098
684,0,0.021547788952143376
685,0,0.41064591361655256
690,0,0.07592820837545822
700,0,0.28865913864770637
706,1,0.8330772110793694
713,1,0.9960624735066665
715,0,0.26902456536356273
718,0,0.19105408012223885
722,1,0.6015204866969267
723,0,0.28796498122782077
745,1,0.92632085729765
750,0,0.005167695119679627
758,0,0.12389258782442569
759,0,0.3225553498924452
780,0,0.4368771680494058
784,0,0.4010829331460765
786,0,0.26339297484529256
803,0,0.40972884576964813
810,1,0.8014986564970016
817,0,0.04078919061977704
825,0,0.36762454134335487
831,0,0.14892191964154905
835,0,0.036371136081783384
845,1,0.5088207355570138
848,0,0.470769471522947
850,0,0.2757117595419046
860,1,0.8650384296917462
862,0,0.4254703163162352
869,0,0.4900638434099049
874,0,0.1860072119324901
876,0,0.2518479225127966
894,0,0.07319579078932215
895,1,0.7849056478661234
903,0,0.14985876861419684
905,0,0.08688308258135774
907,0,0.4217162557248696
909,0,0.21559822755710234
912,0,0.40920472060345986
917,0,0.07341696869323261
924,0,0.41962753221659577
936,0,0.09684190813485866
939,1,0.6398496691965059
950,0,0.42024099170118656
970,1,0.6961451999544499
971,0,0.33639116964354815
972,0,0.15037443042933507
976,1,0.9911286599267026
984,1,0.7447429657496372
985,0,0.006959856381099361
989,1,0.6821527580409439
993,0,0.2764661415715301
994,0,0.0965801264769327
996,0,0.2856839487404043
998,0,0.4009242894814832
1005,0,0.05768030654806594
1007,1,0.6528477378098891
1013,0,0.1790236756304549
1023,1,0.8449971354572254
1026,0,0.4618353684296458
1027,1,0.6173783030772437
1028,0,0.13074585134561967
1031,0,0.23674313063913904
1032,1,0.7065981177051674
1036,0,0.34674372600890624
1044,1,0.9555456938018221
1048,0,0.308928384178742
1070,0,0.058756761584976
1088,0,0.11376061645779906
1089,0,0.4604501115413828
1097,0,0.001475754072209623
1100,1,0.8381425605367672
1106,0,0.13715957071449802
1112,0,0.1477875642263683
1114,1,0.7930088470574372
1121,0,0.47193984416455775
1135,0,0.21011775331257904
1140,1,0.658778994195789
1142,0,0.48079778985971067
1146,0,0.41251756025960146
1156,0,0.15392436449745833
1157,0,0.03904718673284924
1162,0,0.3851993142983443
1166,1,0.5216262904414859
1167,0,0.23802539386475002
1174,0,0.18520180104534212
1183,0,0.37985586502839885
1187,0,0.07381384055606816
1189,1,0.6011503428213778
1194,0,0.21389823413760528
1208,0,0.14245792058970602
1209,0,0.3710524269768293
1213,0,0.3950120577766053
1216,0,0.4950825496168261
1228,1,0.6755980427002071
1232,0,0.2977635107545885
1235,0,0.2605928013634744
1251,0,0.16928653701373747
1253,0,0.1243837615815338
1254,0,0.3476745993616499
1259,0,0.19328785968483025
1260,0,0.08331697032230889
1263,0,0.45047981126660464
1265,0,0.1259602265119663
1274,0,0.4721687487398685
1277,0,0.27086029710557186
1278,0,0.0304798881342504
1281,1,0.9770320070713159
1295,0,0.09183956683833083
1302,0,0.49529551888555456
1313,0,0.3227613088620435
1315,0,0.13296427040047765
1325,0,0.2711951670707648
1327,0,0.3664595586670064
1333,1,0.7279046409921868
1339,1,0.7563781563811306
1348,0,0.23177990522042907
1351,1,0.6514862287368861
1355,0,0.13852847913263822
1365,1,0.6348361473842834
1368,0,0.10418443234160207
1371,0,0.1755932604425408
1372,0,0.18239466440465218
1374,0,0.2079918186175635
1380,0,0.2556377981211281
1391,0,0.2723691521547382
1398,0,0.08364811621618212
1407,0,0.3516318818619866
1410,0,0.2952481683482916
1416,0,0.2910767998574629
1417,1,0.8079875697521111
1418,0,0.008365569559925179
1428,1,0.7622841443306879
1430,1,0.8010377467684219
1433,0,0.25000325482607916
1435,1,0.5429189177933212
1438,0,0.241971025252682
1439,0,0.22460538858339896
1443,0,0.24198451195468706
1447,0,0.3490926711398107
1448,1,0.6590570980408237
1455,0,0.0790953234606459
1456,0,0.4044130638919782
1457,1,0.8999806239280186
1473,0,0.21826931083826334
1474,1,0.6823188933165701
1479,1,0.5493299377993209
1488,0,0.4752276221445585
1489,0,0.24308952218022395
1492,0,0.44343769298779345
1498,0,0.4555537909680738
1499,0,0.41969507225205444
1501,0,0.49662914591548857
1507,0,0.41350207161268804
1510,1,0.5760241621522735
1514,0,0.3379101031522801
1515,0,0.3830668996486815
1520,0,0.14752728508584523
1523,0,0.2121022517641225
1525,0,0.46039839958657947
1529,0,0.04786006696051104
1536,0,0.26783553492584183
1537,0,0.34075360359111806
1538,1,0.9521795492390076
1543,1,0.7215654607768645
1547,0,0.22235903930395418
1549,0,0.26500832830998894
1550,1,0.9544721359660076
1551,0,0.4796913302674213
1553,0,0.1347111840518378
1554,0,0.4797808178355878
1556,0,0.08517071041438484
1559,1,0.8931257622708706
1560,0,0.4205063180065579
1564,1,0.6750443043452837
1565,0,0.41028123586498644
1566,0,0.409078513344401
1568,0,0.06786807253441263
1571,0,0.2351690853580103
1586,0,0.16208768905165083
1588,0,0.2997696291054095
1589,0,0.3460901021225821
1597,1,0.7853812881075568
1598,1,0.7116463766953361
1602,0,0.17027701726902716
1612,0,0.23586285080637448
1614,1,0.7958574729335596
1617,1,0.7514524741297333
1624,1,0.7397051133615244
1625,0,0.37590374106763336
1629,0,0.4355746573334059
1630,0,0.07640323475983418
1633,1,0.7518916406945824
1634,0,0.422278661528861
1636,1,0.5306970573314045
1637,0,0.08271091851193063
1639,0,0.3381883048574562
1641,0,0.18967304521739187
1648,0,0.31074799585399254
1659,1,0.5042945500188091
1663,0,0.03218898115300883
1665,1,0.9126190174014899
1671,0,0.019953701055449025
1673,1,0.5034853415213612
1675,0,0.3882172431742468
1690,0,0.3232079684277288
1692,0,0.4834377467100108
1697,0,0.008371492037919315
1698,0,0.07101693852679908
1700,0,0.054662315616297474
1701,0,0.18034227584118423
1707,0,0.32171393197177517
1711,1,0.9575383255324011
1715,0,0.4872578289409847
1719,0,0.0054788900006745855
1721,1,0.6480886019117882
1725,0,0.18562896441247478
1730,0,0.11631791540575975
1735,0,0.09660720901324837
1739,0,0.0292947478909778
1744,0,0.23313543290567973
1745,0,0.4588114268499815
1746,0,0.4878487060278858
1753,0,0.4993352272999117
1755,0,0.40924617571828686
1757,0,0.1540667291059366
1758,0,0.06597681195463301
1760,0,0.13315381071962873
1763,0,0.390277624225508
1764,0,0.47971245509130356
1767,0,0.43174597184521746
1770,0,0.46306773633449727
1786,0,0.31240716676963737
1790,0,0.1761820077912553
1791,0,0.4556868400267975
1796,0,0.04692594741521827
1797,1,0.9108539264817165
1798,1,0.764093082227121
1808,0,0.21960529067252937
1812,0,0.2628475163734243
1813,0,0.09727243195444873
1819,0,0.4308150637532608
1820,0,0.4153721002268597
1821,0,0.25495839915503243
1822,0,0.38400744093471134
1831,1,0.6113269296104644
1839,0,0.07936998733028205
1844,1,0.9359309734056659
1848,0,0.3742823861064916
1852,0,0.2519333682383671
1859,0,0.18297867635970655
1862,0,0.18213244774096443
1864,0,0.2478372607158369
1866,0,0.2840000294011736
1870,0,0.29212810836100794
1871,1,0.8956307003999413
1883,0,0.24651479229722745
1884,0,0.3694204052840297
1886,0,0.38529476341730035
1888,0,0.2850191111555598
1894,1,0.8313819770050965
1900,0,0.02676599295140969
1902,0,0.49805260875096014
1903,0,0.4991676495874599
1909,0,0.12184121783759139
1910,0,0.17625671220918243
1912,1,0.5672491213520845
1913,0,0.27510291407255716
1916,0,0.4438448544524283
1924,1,0.8550136209841115
1927,0,0.49678507828834806
1934,0,0.3691273106618513
1937,0,0.40124642903791485
1944,0,0.22396928076822498
1950,0,0.07970976450429401
1956,1,0.7001999330245767
1958,0,0.22383332701824465
1963,0,0.011665421924061559
1967,0,0.16428671881280327
1979,1,0.9144994785688665
1980,1,0.8961019044454396
1981,0,0.3302337752247044
1986,0,0.34676416377802827
2001,0,0.1789831207533995
2007,0,0.4067462501164104
2009,1,0.9470334600448835
2010,0,0.08329875098015943
2012,0,0.1026347177248409
2018,0,0.2645829908440792
2024,0,0.2940039823348348
2031,0,0.22053479503816448
2033,0,0.49250141205173686
2039,1,0.6619060688675282
2045,0,0.4976701439184492
2048,0,0.47782624395049766
2051,0,0.4304633758411752
2053,0,0.2738460200470681
2054,0,0.3760665366589172
2058,0,0.2479093998169426
2059,0,0.46469888040000834
2062,0,0.4884284608916348
2071,0,0.010899400239706314
2072,1,0.9119739475274112
2077,0,0.10668571131037186
2082,0,0.22871699626672748
2085,0,0.003417214982628647
2086,0,0.23437898591156747
2091,0,0.40901086440228485
2094,0,0.2293317359845064
2097,0,0.28308579016156216
2100,0,0.2796267589853603
2104,1,0.8689193788177393
2105,0,0.21844647760759445
2109,0,0.05890381227761632
2118,1,0.9446857658858321
2120,1,0.7586664992703525
2135,0,0.45711817350863376
2136,0,0.2990983064663617
2144,0,0.39997087674421256
2145,1,0.9150226977758602
2153,0,0.44084403407667094
2163,1,0.8030679917828742
2178,0,0.23490763215394977
2179,0,0.032837600381024734
2183,0,0.15451083643797026
2187,0,0.1982667305929715
2189,1,0.588489835668822
2199,0,0.17894126339541178
2210,0,0.3430702295542171
2215,0,0.08538896529290046
2218,0,0.029246041547781265
2219,0,0.18063346249658568
2220,0,0.07248703483632135
2224,0,0.02569320833269062
2231,1,0.873583134190814
2238,0,0.4551089657888192
2240,0,0.009748123464153102
2248,1,0.7736084251250608
2253,1,0.551162455434083
2257,1,0.8062918760753397
2258,0,0.28369801671521244
2262,0,0.38437843581345643
2264,0,0.2036590479234779
2272,0,0.4321213372619921
2274,0,0.2752875027399468
2279,0,0.20967654399315677
2282,1,0.8243287621006765
2286,0,0.18925297351305892
2287,0,0.48977087413933057
2297,1,0.6577036369240337
2298,0,0.3039491577720392
2299,0,0.29241002539013217
2307,0,0.16413128607114386
2319,0,0.024213000352065195
2324,1,0.8319897182629825
2326,1,0.8832890455057159
2328,1,0.6974520355498524
2347,0,0.4238481917623689
2350,0,0.05608459252997039
2352,0,0.41085713571366017
2356,0,0.20407405823765573
2357,0,0.023130276961001006
2363,0,0.04711302069110013
2364,1,0.7047137161058081
2366,0,0.1065384466547703
2367,1,0.5881967977184108
2370,0,0.04750691218002129
2379,0,0.42415510949002505
2380,0,0.47381476549915247
2385,0,0.36046631625157827
2393,0,0.253313453542921
2399,0,0.26200918138623513
2400,0,0.2984843135538137
2401,0,0.139784662484508
2403,1,0.5159822050259577
2406,0,0.29355614020352494
2407,0,0.10719227379816015
2414,0,0.41176244645558097
2422,1,0.5989495333635548
2430,0,0.030097027513853625
2433,1,0.8804324315168459
2436,0,0.04062821743376832
2438,0,0.09716749495120236
2444,0,0.42586006476725263
2453,0,0.35016381808653646
2456,0,0.2564075274749103
2477,0,0.05075559171367011
2481,1,0.8343475542418517
2483,0,0.23723984268624654
2492,0,0.09674907257548643
2498,1,0.960652964810861
2500,0,0.18253279828709462
2504,0,0.28555253891296906
2506,0,0.10604292001041088
2509,0,0.480710877301902
2511,1,0.8289567395908948
2519,0,0.10714264907467136
2522,1,0.7128743775110256
2524,0,0.3768461826743764
2528,0,0.3642144948903607
2532,0,0.13115449877952112
2534,0,0.48789753174658523
2538,0,0.022564257194920445
2539,0,0.23871673888573103
2545,1,0.8851824014732425
2553,0,0.29281575947785204
2573,1,0.5362889304189054
2588,0,0.38375467354213966
2589,1,0.6303549431106275
2595,1,0.7695953767072727
2610,0,0.28444159562500637
2620,0,0.2745133738876284
2622,0,0.13100104916964123
2624,0,0.013528281375190743
2625,0,0.09532902900128987
2628,0,0.1325184062756805
2635,0,0.16292102711566842
2638,0,0.3802303591602983
2639,1,0.6837415289725695
2642,1,0.9014221215359602
2644,0,0.2169783875189234
2646,0,0.036094064786837465
2653,0,0.1773449830206419
2655,0,0.49508031355567966
2669,0,0.15766905104415196
2670,0,0.2230601069579956
2682,0,0.07528976163408968
2685,1,0.8061118657351021
2690,1,0.8731679535284991
2691,1,0.6840306444910564
2698,0,0.1601469402039235
2702,0,0.32142039093155317
2703,0,0.2149694918700713
2712,0,0.4901892395666432
2717,0,0.007956799103973455
2731,1,0.7628840783773596
2736,1,0.9106432221487097
2741,0,0.16181025426616413
2744,0,0.30820198109420816
2745,0,0.05053945872527066
2749,0,0.07406765743817523
2750,0,0.20786395662818674
2755,0,0.0670597554040886
2758,1,0.8195329542975551
2761,0,0.2552204224047828
2763,1,0.9717703117895227
2764,0,0.17532644053472074
2768,0,0.13720040139528322
2769,0,0.39617956129025955
2780,0,0.43465972800657393
2782,0,0.3220672871529937
2786,0,0.49711608164053744
2794,0,0.018557466249928767
2795,0,0.4397673007165281
2798,1,0.5870116054274138
2799,1,0.6558663026351472
2802,1,0.9942173060508055
2806,0,0.49566148729028237
2816,0,0.21964963975761453
2820,0,0.07838362778749336
2824,0,0.1107476043643858
2826,0,0.10305792293917537
2835,0,0.10068829267553098
2836,0,0.009102996823084297
2838,0,0.2836723608303891
2840,0,0.07278501054774156
2843,0,0.3947767781158993
2844,0,0.05395115677444545
2849,1,0.5488893684766447
2859,1,0.5629776656758457
2863,1,0.6473529171211294
2874,0,0.23875132212442057
2875,0,0.3577505704335272
2877,0,0.23144679435575033
2882,0,0.344902676128242
2884,0,0.2903797861459613
2889,0,0.23564849131758203
2896,0,0.14270694296303044
2900,0,0.09353573946253846
2906,0,0.4032251826624066
2911,0,0.47437027864989295
2912,0,0.12435702180015062
2915,0,0.44787243454781006
2919,0,0.08945504637743934
2920,0,0.2182476999138338
2921,0,0.12968957195059505
2922,0,0.17530555528733305
2928,0,0.12857897809632018
2929,1,0.9191776796676274
2930,1,0.8656396327976279
2932,0,0.07267018585907747
2947,0,0.1868192210842628
2958,0,0.3191946019133261
2967,0,0.24972965519387536
2971,0,0.4346198936952132
2976,0,0.02939540538296881
2982,0,0.02728493771152163
2987,0,0.3034983667462899
2991,0,0.06450953571747853
2994,0,0.3723861419219893
3003,0,0.34339082929812575
3009,0,0.4407834845107531
3013,1,0.781103893535255
3015,0,0.36130573294746404
3016,0,0.45387463287143764
3039,0,0.02112572454048256
3055,0,0.11895856691509155
3060,0,0.1354331021920166
3069,0,0.24325145813534643
3072,1,0.7569844001541636
3079,0,0.38604430496316017
3080,0,0.1462254664836728
3083,0,0.23335299078287824
3086,0,0.20513141287805042
3096,0,0.09479572756749993
3103,0,0.3288169222771955
3109,0,0.41401302769798404
3118,0,0.4143078256759295
3124,1,0.7712294982222155
3125,0,0.4566544844532396
3130,0,0.2701573802767751
3133,0,0.2728755115393746
3154,1,0.5355848202879445
3155,0,0.0003551591312786484
3157,0,0.3731526508014659
3158,0,0.429245507966972
3205,0,0.3278565787333938
3213,1,0.9846449699469861
3214,0,0.31218607618604877
3218,0,0.12345703065802832
3219,0,0.17020814018087876
3222,0,0.28578278562191184
3224,0,0.4741047992909973
3226,0,0.2725595801013953
3230,0,0.3692298465007054
3233,0,0.13837427869313296
3242,0,0.04234790485703188
3243,1,0.9837157980203259
3245,0,0.35387682834483053
3254,0,0.4692015974194893
3263,0,0.08595237880838968
3267,1,0.5217612503491417
3274,0,0.3177626202604852
3276,0,0.2753298262292663
3279,1,0.553504863656557
3281,0,0.2161655080865193
3282,0,0.02959788852426537
3300,1,0.947838634227257
3312,1,0.5688985713405819
3316,0,0.23593077942662793
3318,0,0.4259504039623007
3323,0,0.03703535326401369
3328,0,0.48655749417088134
3331,0,0.38352116492725247
3334,0,0.23862946828574638
3337,0,0.2631633966303874
3341,0,0.49701141288125594
3356,0,0.11973139924645304
3361,0,0.3224936161139483
3368,0,0.42998973826609793
3369,0,0.2528942269323019
3371,0,0.41741956262147295
3372,0,0.2588967772683314
3376,0,0.03551139750869364
3387,1,0.8682518725565991
3390,0,0.0449386029187665
3393,1,0.9855564652481096
3399,1,0.5567585222445419
3408,1,0.8723415609021834
3410,1,0.5174063809118921
3412,0,0.4422166852809557
3419,0,0.4984860132083818
3420,0,0.39201084655407037
3423,0,0.44466985786442614
3425,0,0.2579555260807571
3427,0,0.23188631492770378
3431,0,0.3073758067102053
3432,0,0.46123478225475806
3435,0,0.15854388118500523
3436,0,0.34598198589095924
3439,0,0.18450536574564746
3441,1,0.9223656865373956
3442,0,0.06213674520592122
3445,0,0.31619820864256465
3450,0,0.015202613292864764
3451,1,0.6323130607310072
3454,1,0.784989448572087
3458,0,0.42583865564175827
3464,0,0.41979204685268495
3476,0,0.42271640375227104
3482,0,0.05419057405276406
3485,0,0.289040899872802
3503,0,0.2672632061236631
3504,0,0.28560515494773225
3505,0,0.39717915609136917
3513,0,0.049647808033812746
3516,1,0.9518366688542376
3518,0,0.2175438811003767
3528,0,0.1329205345560877
3534,0,0.3006585273744709
3538,1,0.6319981753763946
3543,0,0.48537800525505975
3548,0,0.11772737774564823
3555,1,0.7466321930806232
3558,0,0.12274458886693762
3561,0,0.2272921985719324
3565,0,0.406198849473821
3572,0,0.04715388372685769
3575,1,0.5553753979619973
3576,0,0.3229389830925468
3579,0,0.22975306035328752
3589,0,0.14369070774175424
3591,0,0.11941859672243532
3596,0,0.0830611142953156
3600,0,0.3009012668552993
3602,0,0.002404615685971001
3604,0,0.1404442964774315
3607,0,0.17985165081679427
3609,0,0.29528783157874927
3612,1,0.7786063083925632
3624,0,0.15849421903720368
3628,0,0.18030974882463935
3637,0,0.3553684054251048
3639,0,0.1584361455958006
3641,0,0.0065597836202989646
3645,0,0.22843602437250138
3652,1,0.9105950703010555
3655,1,0.7900413192709329
3673,0,0.12571778055470434
3677,1,0.610450707400539
3681,0,0.17919692141860905
3684,1,0.813531743974762
3685,0,0.2034929658354903
3692,0,0.013897686404170662
3693,0,0.13276351354226973
3718,0,0.1426115568197956
3720,0,0.2100537331473356
3721,0,0.17871871220332147
3722,0,0.17460631648493918
3724,0,0.00844904337468766
3731,1,0.6021682883535557
3737,0,0.07258496676206644
3739,0,0.4827524660899562
3744,1,0.6175660084636418
3748,0,0.4830933145561363
3752,0,0.39897538027096985
3757,1,0.6067082813520341
3758,1,0.9028642103816005
3761,0,0.051445593452914384
3766,0,0.30715405350961994
3773,0,0.41339465053189317
3777,0,0.34181630879286384
3795,0,0.39743546312974426
3811,0,0.4063340217022914
3814,0,0.3922914517633817
3826,1,0.7911911691277242
3840,0,0.3086871566631428
3842,1,0.8430237592707066
3850,0,0.06125985974211784
3856,0,0.40272357368942713
3867,0,0.32070655050213936
3869,0,0.05813532231284474
3872,1,0.8295799073022168
3876,0,0.016286125095418102
3878,0,0.32573438633633645
3879,1,0.745431419283779
3881,0,0.3604382890010644
3891,0,0.4677087908880445
3895,0,0.05115453971777345
3899,0,0.42440914081927406
3901,0,0.03708173448559099
3913,0,0.19232033285093997
3918,0,0.4902933437775713
3934,1,0.6902883659545029
3938,0,0.3420980405813237
3941,0,0.2933421601334867
3946,0,0.15022689274886764
3947,0,0.23296251113492084
3950,1,0.8241674984494894
3954,1,0.7482862409333905
3955,0,0.003936443365167908
3958,0,0.3176091432990841
3973,1,0.9290363182602006
3977,0,0.27494714739980725
3981,1,0.6887811449987833
3988,0,0.18032261757735374
4000,0,0.42151480599929997
4003,0,0.3480650451538427
4012,0,0.2949005814704191
4015,0,0.07473771804978374
4017,0,0.3230248390346466
4025,1,0.9399214315901088
4027,1,0.807319049594825
4030,0,0.08013541505746674
4033,0,0.19100659754558136
4038,1,0.5979135428661484
4039,0,0.29802453299569637
4040,0,0.49536706330788705
4042,0,0.4506545810097316
4047,0,0.32098373021799914
4050,0,0.3411142929766193
4052,0,0.1944271198168812
4053,1,0.7320667531447564
4059,0,0.36995578999963297
4062,1,0.9574727039882817
4063,1,0.7685520339985149
4067,0,0.10051182939945619
4072,0,0.1961792232963952
4075,0,0.3352885929588257
4081,0,0.2849278968303811
4084,1,0.8543365261832471
4089,1,0.9647749687585452
4092,0,0.38377627761706745
4093,0,0.004878430845827453
4095,0,0.4913679678102646
4097,0,0.4628797327054093
4098,0,0.479369517113367
4107,1,0.6781472235307555
4114,0,0.25580777677443645
4115,0,0.4785285317527993
4122,1,0.8482980479972233
4125,1,0.5816759213514553
4131,0,0.3295214017503826
4139,0,0.28796657719881336
4144,0,0.008076800545414153
4150,1,0.6495961706620919
4156,0,0.4115112101845729
4162,0,0.10178416889865122
4177,0,0.16457729987921
4181,0,0.20830381613140364
4184,0,0.4898324160393877
4198,0,0.3191277566453805
4200,0,0.3551473070395994
4203,0,0.11028709223753408
4209,0,0.19041273107089218
4210,0,0.15741121644966555
4212,1,0.6636938188162393
4213,0,0.2800588471904352
4222,0,0.4781573873408601
4225,0,0.01426113497973197
4228,1,0.9307344167217533
4231,1,0.7366336425376705
4241,0,0.4264579474386123
4260,1,0.796473830977152
4266,0,0.0621728134004193
4273,1,0.6720657240024706
4280,0,0.34106362013989383
4282,0,0.0007765901119729524
4286,0,0.07358000554394845
4288,0,0.3138488869200325
4307,0,0.13079665776659877
4308,0,0.17828961286218453
4309,0,0.2641376642519071
4312,0,0.22422390420856358
4322,0,0.007052634608721631
4324,0,0.23746036196545067
4325,0,0.38982339221599255
4329,0,0.07790431015294697
4331,0,0.27370775360856264
4332,0,0.10069121250215296
4335,1,0.9697570509039868
4339,1,0.9249238608292136
4341,0,0.35159306516256544
4342,0,0.079887742852361
4345,0,0.19262779533463364
4364,1,0.7743893318626389
4375,0,0.45602749663142605
4390,0,0.27311622254424867
4403,0,0.48628944714837297
4411,0,0.038579479976319886
4416,0,0.1284024423930979
4423,0,0.09919398655782702
4428,1,0.692607314697923
4444,0,0.13464097479005244
4446,0,0.4866724184245922
4450,0,0.2386583131272958
4455,0,0.10766474192261671
4456,0,0.021247477336927778
4458,0,0.25353123972489383
4462,0,0.19313145604832616
4463,0,0.24662388994691065
4465,0,0.49922900567144346
4469,0,0.2283318245258943
4473,0,0.07797985205782187
4480,0,0.31630811871434006
4481,0,0.18566919869945253
4482,1,0.6514371969850149
4486,0,0.31059046968605186
4487,0,0.4247249995499151
4494,1,0.9109620529520017
4500,1,0.5726514997822727
4502,0,0.4830303753647538
4505,0,0.04394956590186383
4509,1,0.5841998736291327
4513,1,0.7548370619577376
4519,0,0.4858002672929496
4524,0,0.26783020570104943
4527,0,0.42452715140280856
4528,1,0.8215331834192194
4530,0,0.4615868167922985
4538,0,0.14356858632732877
4544,1,0.5134143361301458
4547,1,0.8549364805992541
4550,0,0.28728303164259217
4556,0,0.18828122191633184
4562,0,0.3444045890645508
4563,0,0.20595014725798588
4569,1,0.8611780448524323
4570,0,0.08620888734123328
4576,0,0.05467920088931871
4578,0,0.06356213549006884
4580,0,0.49076960130439345
4582,0,0.4054252315739075
4586,1,0.8943379260270059
4589,1,0.971101532518041
4591,0,0.4054663621179042
4592,0,0.22092100950237792
4597,0,0.3543344082075088
4599,0,0.43139414957637584
4600,0,0.08165594696916362
4604,0,0.35558108671272465
4606,0,0.15107253472188864
4608,1,0.6273777668776466
4609,0,0.44579892280282146
4621,0,0.2582045602229862
4623,0,0.3890194948586572
4628,1,0.6809340390766432
4636,0,0.39509223798631177
4639,0,0.23484166667961326
4642,0,0.24822503036310295
4643,0,0.28229078627983417
4654,0,0.3594328552192895
4659,1,0.6044973167861593
4672,0,0.009342360601234723
4673,0,0.23523700975558343
4676,0,0.49494209123627914
4678,0,0.14046714868431537
4689,0,0.2796751240396839
4695,1,0.8695063551918706
4699,0,0.2639005170573076
4702,0,0.1265861376253214
4705,1,0.5080975384186124
4707,0,0.44989346880057535
4708,1,0.541691169943814
4713,0,0.06413707474725505
4714,0,0.09131847798209874
4720,1,0.9255956164007273
4721,0,0.4555125282671338
4726,1,0.6103321632633033
4727,0,0.10241186681095416
4728,0,0.25121918624268913
4730,1,0.7864570193942153
4731,0,0.4017950222823952
4733,0,0.28005357241479756
4734,1,0.870114847537144
4736,1,0.8956332990337248
4739,0,0.21298000092315084
4740,0,0.1409075838773911
4742,0,0.4609287886748313
4745,0,0.31884770132523027
4749,0,0.176137509369231
4751,1,0.6199828749670828
4755,0,0.4876153161634372
4756,0,0.13509631507508085
4757,0,0.339117537356969
4763,0,0.09108574382104306
4764,0,0.4806915862790431
4770,0,0.30683430729182837
4786,1,0.7593253586520008
4797,1,0.8341556927695734
4799,0,0.17066546328016552
4834,0,0.3557659138176049
4835,0,0.43337253400559017
4840,0,0.46636239206347535
4847,0,0.34097519933131354
4850,0,0.07780405485513292
4855,1,0.7128613213681212
4857,0,0.14883198614674809
4859,0,0.12388683688528063
4865,0,0.2939065320427275
4867,0,0.1383134404951809
4868,0,0.34800643381990265
4870,0,0.04508477083979573
4882,0,0.46938045901784686
4883,0,0.31516374243713785
4890,1,0.9438415327472229
4893,0,0.04890274659923499
4895,0,0.4312880764828489
4899,0,0.17413453343465102
4906,0,0.415355612066543
4910,0,0.17932308537086633
4924,1,0.8500298158797748
4929,0,0.3351457085143827
4931,0,0.3470319579755801
4939,1,0.6822838098176319
4949,0,0.14274343402742917
4960,0,0.36203118990117006
4969,0,0.16193253730864132
4970,0,0.09743888240086912
4976,0,0.049030777753898136
4987,1,0.7904337541896335
4988,0,0.14748795380397273
5007,0,0.4769954027892731
5011,1,0.5350768693615768
5013,0,0.3931042064308866
5015,0,0.028686841360458848
5024,0,0.13371089173165007
5025,0,0.3961718677057488
5029,1,0.9893195516514228
5032,0,0.3798596956872429
5037,0,0.04617920100034911
5040,0,0.1116424971736093
5042,1,0.948566691496245
5053,1,0.8190488511264306
5054,0,0.1631583999638201
5061,0,0.049659894097089485
5066,0,0.2626386544759891
5070,0,0.10025856650496695
5085,1,0.9004073232204142
5091,0,0.33545327285100346
5092,1,0.9293418796802735
5094,0,0.25943782327375736
5097,0,0.03120428930596031
5107,0,0.2076005416829449
5108,0,0.30865094695720147
5112,0,0.4146790018757694
5115,1,0.7624333083719285
5118,0,0.1507908717848444
5120,0,0.29331952146956736
5128,0,0.3568401002497424
5131,1,0.8582337214172069
5134,0,0.0036389888272797544
5140,0,0.060159084969821475
5142,0,0.3825007857412704
5143,1,0.8898055593481806
5145,0,0.05628972716004055
5151,1,0.801697306477765
5157,0,0.40109355196133933
5158,1,0.96016383986864
5169,0,0.25782781673279476
5173,0,0.2986743650870126
5176,0,0.3574541429451775
5186,0,0.4259162452375492
5191,1,0.5885725987408168
5198,0,0.21303625721987812
5205,0,0.051242038619516594
5206,0,0.197026224631831
5207,0,0.10092683726477919
5208,0,0.30690132666021597
5212,0,0.1911534865657804
5217,0,0.07097178688368405
5222,1,0.8040445254257007
5224,0,0.43808210923367946
5226,0,0.08895990619316396
5229,0,0.07566561161963764
5230,1,0.9988898124030198
5231,0,0.19283232416680757
5235,1,0.5602920521202213
5237,0,0.14749181676874895
5238,1,0.981509614573369
5240,0,0.10466600308249174
5248,0,0.46110576982010937
5264,0,0.2616821530891325
5265,0,0.3860577426917767
5270,0,0.0380172474428912
5276,1,0.6224895338046197
5280,0,0.23648812802916813
5284,0,0.137112737736871
5296,0,0.18341219045884594
5302,0,0.24127090230286385
5307,0,0.1528468119045836
5315,1,0.7183813673025976
5318,0,0.03146150812541271
5319,1,0.7573877079724274
5327,0,0.4732061944235463
5333,1,0.5107390732418058
5335,0,0.4396372346154317
5338,1,0.8633957425239382
5340,1,0.7410838507566089
5348,0,0.34216976642204866
5349,0,0.3039544127248554
5352,0,0.4663296882391352
5360,0,0.2566221545309336
5362,0,0.1926925793124854
5367,0,0.036380148804361634
5372,1,0.7770583039091117
5408,1,0.6095519865002511
5420,0,0.40429800282085465
5423,0,0.06379036956899276
5427,0,0.4227652515935179
5433,0,0.2752233808935484
5437,0,0.11411662831166813
5439,1,0.8956059702330539
5450,0,0.21500631780385882
5451,0,0.31937714502708897
5453,0,0.23389578335074307
5461,0,0.0408345059327041
5481,0,0.07558427560505893
5485,1,0.773718792039228
5487,0,0.17246056622649025
5492,0,0.23460218822202017
5505,1,0.8019261155938588
5508,1,0.6654258601672337
5525,0,0.2671400529716773
5530,0,0.4156674599705112
5533,0,0.47793928622403964
5536,0,0.3405038854221817
5539,1,0.6206410717258581
5543,0,0.4451888121350048
5544,0,0.2861973595316462
5547,0,0.0825449342162694
5557,0,0.4260143485730216
5558,0,0.29795393755540606
5560,0,0.4859319910011581
5565,0,0.11265521676788154
5568,0,0.14932469494728767
5578,0,0.020102524414084666
5584,1,0.7834013290094585
5585,1,0.7619659199852898
5589,0,0.2921651716807541
5606,0,0.12355853653694177
5608,1,0.9837352830782332
5617,1,0.8100151977757213
5619,0,0.39113185731359656
5624,0,0.2371356618533727
5625,0,0.1847234671940281
5650,0,0.33425233647996405
5651,0,0.0848793276009207
5672,0,0.4267560350121625
5678,0,0.4765543180808947
5683,0,0.32494760218377566
5684,0,0.4668479681443265
5692,0,0.17740449055408575
5694,0,0.20272084362331377
5697,0,0.26601527904823374
5714,0,0.25209660671708084
5724,0,0.13676584479649434
5729,0,0.2844021247568833
5732,0,0.37862136058460344
5734,0,0.4832434382144471
5735,0,0.2592519103410378
5745,0,0.07619347795476039
5749,0,0.38821673392021505
5760,0,0.23274963212435368
5765,0,0.12466647147437526
5770,0,0.09751431837535796
5776,0,0.4477785737615558
5785,1,0.6361105803439363
5786,1,0.8930669239670461
5788,0,0.0638479589169072
5796,0,0.3528368450907829
5798,0,0.09123500312030608
5800,0,0.23867001912825686
5804,0,0.14295745471243082
5808,1,0.5002503775164975
5810,0,0.1517276714163709
5819,0,0.09686722655150032
5836,0,0.396637178594818
5844,0,0.14190511830329872
5848,1,0.627299232806908
5850,0,0.06893902134119678
5852,0,0.13994463201365498
5864,1,0.6004519165910303
5874,0,0.1811622072962094
5876,0,0.04718695568668663
5879,0,0.13658311678215845
5882,0,0.4888474297209343
5883,0,0.44144132181954876
5887,1,0.5286063123182365
5891,0,0.43004721249054095
5908,1,0.6834492398355477
5910,1,0.9590277311723696
5916,1,0.8389226944212667
5920,0,0.20417774824697915
5928,0,0.47328275873333053
5932,0,0.002209871356273707
5934,0,0.4689443580413426
5943,0,0.34966663044788526
5978,0,0.20428710140633782
5994,1,0.8615749864353248
5997,1,0.8953863255890023
6002,1,0.8829424336578934
6022,0,0.06454872943318812
6043,1,0.6741537912630595
6046,0,0.08128388583318474
6050,0,0.19921078920338914
6068,0,0.4908780039562641
6074,0,0.43385099084930473
6082,0,0.29191892783145706
6089,0,0.21764625439997376
6093,0,0.25546052405663006
6102,1,0.75737600652163
6124,1,0.8934314302230004
6136,1,0.738039861896743
6143,1,0.612211767294825
6152,0,0.24259202320302825
6160,0,0.035762634612123145
6180,0,0.4874158642495589
6184,0,0.08348048883205084
6187,0,0.2856842681200439
6188,1,0.7664311077807826
6190,0,0.12017659316137297
6194,1,0.5568108264564766
6196,0,0.06004184435118015
6203,0,0.02743777734570585
6210,0,0.11665677020249743
6212,0,0.48852156403354563
6215,1,0.565619338846862
6216,0,0.39499325078962094
6219,1,0.6142138882912977
6226,0,0.3483004793240285
6228,0,0.15687298126429172
6231,0,0.0812325506279537
6233,1,0.8593241413604611
6235,0,0.009134477419406817
6248,0,0.03743347381657758
6249,0,0.40790002768350886
6255,0,0.3801526256962904
6258,0,0.48428821585694
6261,0,0.030485589599262564
6271,0,0.4953320935766311
6272,0,0.25078993692938356
6279,0,0.19139855551117896
6289,0,0.44765552435038336
6291,0,0.47161067105099747
6293,0,0.39607758036584895
6295,1,0.901184930052215
6298,0,0.16220006687060745
6300,0,0.07938680352861166
6312,0,0.06944662854522765
6317,0,0.2713408365384615
6320,0,0.3727792371118269
6321,1,0.7114846217355115
6322,0,0.46992960026745223
6327,0,0.33412584389048383
6333,0,0.43711475665207217
6334,0,0.277056008200311
6344,0,0.24417203021320655
6346,0,0.29999719461212676
6354,0,0.1321518581695323
6356,1,0.6160314330794179
6386,0,0.05563136784398681
6395,0,0.3908126272582586
6417,0,0.26907573677404867
6419,0,0.18042966227902735
6431,0,0.22356083455175318
6433,0,0.46560648352958833
6444,0,0.06573145364322502
6449,0,0.4840383224056411
6453,1,0.9847235714973341
6476,0,0.15149660495649803
6492,0,0.2797853124027291
6498,0,0.006375242779862955
6507,0,0.009765721932091798
6525,0,0.23920392523033174
6527,0,0.03945904826893487
6530,1,0.8454561106964722
6540,1,0.8833146761419772
6542,1,0.963397977038789
6547,0,0.099022041815306
6548,0,0.02808749520197018
6551,0,0.3968782456367604
6555,0,0.47383097297273946
6566,0,0.42237350049053884
6570,0,0.2993859636089476
6571,0,0.07911433663722472
6589,0,0.40256183673711576
6592,0,0.45295123891117905
6610,0,0.39437622888084023
6614,0,0.07159638452524059
6640,0,0.22385302997568557
6641,0,0.3616080674763438
6646,1,0.8782064713452802
6649,0,0.23898350051685746
6653,0,0.31309587553460394
6657,0,0.3777787396042295
6677,0,0.1517007057846284
6679,1,0.5674387147831823
6680,0,0.10297671179933376
6698,0,0.2823604473390099
6701,0,0.4077896456908098
6705,0,0.41367455208001624
6709,0,0.12983013137565214
6715,0,0.08594057420953732
6725,1,0.9466450579512755
6728,1,0.5511863556687431
6741,1,0.9187887482368665
6745,0,0.31136605025508524
6772,0,0.49799180341807886
6773,0,0.31409003196847135
6777,1,0.9655984597478389
6786,0,0.3600311006976888
6788,0,0.22061321417683782
6792,1,0.5868681366327567
6793,0,0.19365196100789306
6796,0,0.18216011535901927
6798,0,0.3675583985253293
6844,1,0.9506649071651838
6853,0,0.19125082499393553
6855,1,0.5186830367422455
6856,0,0.01612575795082033
6861,0,0.47732685994189655
6863,0,0.27377778097951017
6865,0,0.4550894016407483
6868,0,0.47292461787291273
6871,0,0.3951056374840764
6875,1,0.5013442297027391
6877,0,0.4918576421725352
6882,0,0.24474636109182923
6885,0,0.42715766335949656
6897,0,0.3930647131137807
6900,1,0.7745105241280552
6901,0,0.4218745985890518
6905,0,0.4848605233310843
6906,0,0.3393738093781339
6907,0,0.48800405319972723
6914,1,0.9582641393096144
6915,0,0.4577944487044361
6921,1,0.7362744388616413
6923,0,0.10528258084795061
6926,0,0.24936969033726714
6927,0,0.4562219463958138
6933,0,0.3632328953106157
6938,0,0.022328730202246128
6939,0,0.23526306082413673
6940,0,0.10993797456822191
6943,0,0.22012857518416162
6947,0,0.1181988652594187
6948,0,0.036664522535628075
6954,0,0.13117060105959533
6959,0,0.3167971947053682
6965,0,0.4964448266880751
6974,0,0.11054262121355302
6987,0,0.0045584911911046855
6989,0,0.35626244446893574
6995,0,0.20607498070418623
7000,0,0.48756651644907933
7001,1,0.7206439418999664
7002,0,0.1980281496439109
7013,1,0.8916670783674536
7016,0,0.4040655247626121
7021,0,0.3030005212859186
7033,0,0.1472674557025922
7047,0,0.1651646832586119
7050,0,0.3104267724725984
7056,0,0.13837884035020193
7067,0,0.4988997469120266
7070,0,0.022242614489508206
7071,1,0.5484760837749179
7076,0,0.20917738408623598
7095,0,0.02243769105460891
7097,0,0.2715471984733925
7101,1,0.716367711022581
7109,0,0.008278216042630737
7116,0,0.10693876101141847
7117,0,0.2189305798111904
7118,1,0.7750987960852845
7126,0,0.2208929015714598
7127,0,0.4283098637137137
7130,1,0.7515343037328681
7132,0,0.001547592917739482
7133,1,0.6635477525172571
7135,0,0.211500008786692
7136,0,0.1922217635146098
7139,0,0.15033829247954922
7140,0,0.4104860946409928
7153,0,0.45406589512910744
7155,0,0.10798504151478178
7157,0,0.3595392180751397
7164,0,0.473442393921882
7169,0,0.34922208955933853
7170,1,0.5256867391939416
7173,1,0.697306464499995
7178,0,0.37510849922196515
7183,0,0.42158276279813633
7194,1,0.6604840474066502
7201,0,0.4355569259775007
7203,0,0.21981911056532677
7205,0,0.03017552370312976
7206,1,0.5674651906920487
7207,0,0.020045683460297725
7208,0,0.3232556733486569
7217,0,0.42483135907315883
7225,0,0.12657163226926355
7233,1,0.6053786761508999
7236,0,0.11028606292720283
7244,0,0.4390736041148501
7248,1,0.9222574850774634
7249,1,0.5326574282281709
7251,0,0.3949928577211123
7257,0,0.03666977584313341
7259,0,0.4922838687178319
7266,1,0.5705485289431211
7272,0,0.1268540132339666
7279,0,0.35490140525976904
7288,0,0.43055010628846013
7293,1,0.8224481260379635
7296,0,0.43358858992456567
7298,1,0.6696453818214666
7306,0,0.03308549068200389
7312,0,0.00570112242510884
7316,1,0.7899908418926929
7321,0,0.2584526950545383
7322,0,0.2005762153036464
7326,0,0.41718077862662944
7327,0,0.4607946136266442
7332,0,0.01606471232791884
7333,0,0.0512837966738896
7336,0,0.14742915589924355
7339,0,0.12599125810950218
7344,0,0.4619679077967254
7352,1,0.5228118334030591
7354,0,0.26011698787215715
7369,0,0.4108275185343053
7372,0,0.42681773005229723
7394,1,0.9274722949551153
7396,1,0.937078585492606
7412,0,0.4651223301013478
7420,0,0.012603494457538555
7422,1,0.9445067846355935
7426,0,0.1833359759155319
7436,0,0.010592737414707731
7451,0,0.32914575273631025
7452,0,0.31040187441170236
7453,1,0.9499512931922445
7454,1,0.5089345533341425
7466,0,0.4716782706610442
7471,0,0.0701254442072835
7482,0,0.06184710260601578
7486,0,0.14588941178946646
7502,0,0.28606300051062855
7506,0,0.3295577929476941
7509,0,0.49969703109493946
7516,0,0.16796822520177096
7518,0,0.37605728809515326
7521,1,0.6262088244806876
7526,0,0.4530416418318486
7535,0,0.46204262104308036
7546,0,0.19148132951108354
7550,0,0.053820811001097646
7555,0,0.11367924711114247
7559,0,0.4269823550633879
7561,0,0.12665439868884976
7564,0,0.482317897526939
7565,0,0.44851334753984584
7575,0,0.365459242987406
7590,0,0.42766698866319813
7591,0,0.4249577695855161
7593,0,0.2770737062187226
7595,1,0.7673683493044472
7597,0,0.36928256210982285
7603,0,0.002329137487537214
7607,0,0.3887164393487691
7608,0,0.10307141517480845
7617,0,0.48495844305712665
7622,0,0.36514379550214976
7627,1,0.8065634047389522
7632,0,0.13993827772615958
7633,1,0.7147431529767166
7637,0,0.43974558329823554
7638,0,0.08357857387009726
7651,0,0.18837107115776924
7661,0,0.21630965067162627
7679,0,0.30334511071903925
7686,0,0.4239310885332671
7691,0,0.05614000165719912
7695,0,0.13710919591331927
7696,0,0.10694186756654611
7701,1,0.5364179015457398
7703,0,0.006497207820175321
7705,0,0.09735151588334406
7709,0,0.3767292650994236
7716,0,0.1704573422287708
7718,0,0.12805477133725818
7726,0,0.2204931600518482
7735,0,0.3182570279558593
7745,1,0.6832550152993995
7747,1,0.6448795627451729
7753,1,0.79181419693568
7762,0,0.4382479880555979
7765,1,0.6564608231784366
7776,0,0.2773018119746224
7782,0,0.2891631485809004
7799,0,0.048829256724105596
7801,0,0.39259910536355636
7811,0,0.05025298188768834
7819,0,0.0585218719691189
7820,0,0.3417590578562951
7822,1,0.6780782733828435
7825,0,0.24630235679687806
7835,0,0.49685079855009184
7836,0,0.3915977359819055
7843,0,0.3237181253905838
7852,0,0.46406740485090003
7858,1,0.6087606039361211
7861,0,0.3000714576581605
7862,0,0.13070993891806593
7864,0,0.18956961732077326
7866,0,0.4017708639877721
7873,0,0.0940814913351194
7886,0,0.225617521523155
7887,1,0.8138834301965996
7889,1,0.8740361867015494
7890,1,0.8284097268278766
7893,1,0.8321402398587373
7899,0,0.2447792028068408
7902,0,0.22765408802448067
7904,1,0.9859578717108389
7906,0,0.038370676979034846
7911,0,0.47060421919234513
7912,1,0.8967107293866489
7923,0,0.0063121020515048976
7928,0,0.41825829221133803
7932,0,0.004729834686070855
7940,0,0.18725263647943152
7946,1,0.8506941670360122
7958,0,0.37606471477524955
7961,0,0.30712091496430705
7973,0,0.30156017577890887
7976,0,0.4013940162652764
7981,0,0.13396472526879566
7983,0,0.06660290178933476
7991,1,0.924789010404697
7996,0,0.16440400534785699
7998,1,0.8731315394671554
8005,0,0.24468833779855625
8008,0,0.27812905974582686
8012,0,0.17118064385865078
8015,0,0.2577977391852951
8016,0,0.3250299253764064
8017,0,0.4518686116938464
8023,1,0.7469144107274154
8029,0,0.22571845529406437
8043,0,0.47468651024428593
8052,1,0.9288770311081703
8060,1,0.9755965297624138
8073,0,0.36247682564195766
8079,1,0.5169925029522648
8090,0,0.012968862508089707
8095,0,0.3453222536399546
8101,0,0.2926914120720972
8103,1,0.7558946834698248
8105,0,0.45631443643614067
8108,0,0.43871089152281706
8125,0,0.29679547804632056
8136,0,0.04388857312665806
8144,0,0.14286013490420246
8150,1,0.6848426675409051
8152,0,0.15747983811624477
8161,0,0.09021274390987394
8167,0,0.2843053885630553
8171,0,0.3941346424876107
8177,1,0.5834706153693907
8185,0,0.14122145863416774
8189,0,0.3927539320250139
8190,0,0.2507306883789972
8197,1,0.6523797741021552
8199,1,0.6629906384383459
8200,1,0.6457879520558858
8201,1,0.5683068702654841
8202,0,0.4646548702684828
8205,0,0.07155784140932397
8208,0,0.24909979815498395
8215,1,0.9648899386277868
8217,1,0.5508975225277745
8227,1,0.6462417175668878
8231,0,0.09458545964089454
8242,0,0.2563788307701127
8243,1,0.9131374233623091
8250,0,0.1368198244070452
8252,1,0.7844226450294348
8253,1,0.5714392702775155
8260,0,0.41263310110238244
8265,0,0.08668225422789422
8275,0,0.06485441382371021
8278,1,0.5003930215185611
8279,0,0.019982213749196398
8282,0,0.09958264600454664
8285,0,0.11255856213522875
8293,0,0.10362364930456108
8297,0,0.4030913909199054
8305,0,0.3590409235040549
8312,0,0.3661138005549877
8313,0,0.3153906432508909
8314,0,0.10702328362266622
8340,1,0.6201506286079422
8349,1,0.5468847390142526
8352,1,0.5527150190828973
8358,0,0.20337553434520506
8369,0,0.05390538871763134
8371,1,0.896317589718028
8380,0,0.051721536077053876
8386,1,0.5152582245422819
8393,0,0.24895081681635672
8394,1,0.9393112992125404
8397,0,0.3991317989977862
8399,1,0.963246364164175
8402,1,0.5474831818016875
8416,1,0.6503475273942689
8428,0,0.3237160010584474
8435,1,0.6747104957733276
8440,0,0.10546881547032277
8458,1,0.8005523279674074
8463,0,0.12596854467616625
8466,0,0.19115869083732756
8473,0,0.16393390611051334
8476,0,0.20705276766086866
8481,0,0.15087310393573172
8487,0,0.05279721008148558
8492,1,0.9322944568840039
8504,0,0.21231297817976796
8507,0,0.2849212503720133
8516,0,0.019990050370625068
8521,0,0.05880527998330887
8526,1,0.8699846817493879
8528,0,0.1061567143352461
8545,1,0.5027320221875677
8550,1,0.5301835294446549
8554,1,0.9402976416797723
8556,0,0.21737829580117712
8565,0,0.16672863121971887
8569,0,0.4083195171487974
8587,0,0.40625337171222625
8594,0,0.02322497295427195
8600,0,0.41626461155236905
8613,0,0.41629195029001675
8620,0,0.23876412111458367
8626,0,0.026259919054836378
8627,0,0.08396629659005933
8628,0,0.46784303899278096
8629,0,0.32362450604620735
8632,1,0.6274334371918584
8634,0,0.16206784572180066
8637,0,0.014467440299288314
8638,1,0.641298825534893
8655,0,0.03849939371412314
8656,0,0.06746605214584273
8661,0,0.4093895504903422
8665,0,0.12824864696878358
8667,0,0.3408199313467063
8668,0,0.4017917806699402
8673,0,0.21818503935243116
8682,0,0.23972876331408766
8683,0,0.36481216601532496
8696,0,0.17053949148092667
8704,0,0.4321807977451965
8708,1,0.9866959214309925
8711,0,0.03548393709962383
8729,1,0.5055781810643398
8733,0,0.19485164928641407
8736,0,0.07120156003110029
8737,1,0.6439577496260698
8744,0,0.47386806456452313
8761,0,0.31939752101762203
8765,0,0.349147539775571
8767,0,0.06631409795587678
8773,0,0.2519962891953075
8781,0,0.16487703320135733
8785,1,0.6948109632817201
8805,1,0.8557082893003791
8806,0,0.3888176070884109
8817,1,0.8945423876271261
8819,0,0.3629329426848547
8820,0,0.05358526268374625
8840,1,0.5852418951108391
8847,0,0.40175875735137967
8851,0,0.4783546182864992
8852,0,0.2529283576479598
8857,0,0.1677780808823351
8859,1,0.764362132192742
8860,1,0.8151287563048244
8861,0,0.27072368943263303
8874,0,0.0039016982063736494
8877,1,0.693456449394311
8882,0,0.24551965030362727
8884,0,0.4946335194861738
8893,0,0.27528567075756555
8900,1,0.7135237599033836
8905,0,0.08970966555428755
8908,0,0.49048161843281196
8911,0,0.261470079816803
8918,0,0.27672545644656016
8937,1,0.8052715469824536
8945,0,0.2384779798996231
8950,0,0.16591624714477005
8961,0,0.14792330253407326
8963,0,0.2829764648793591
8972,0,0.1637850255176621
8975,0,0.4241680350040047
8977,0,0.22861132871925272
8983,0,0.2613230980594427
8987,0,0.26135964539381673
8990,0,0.28479565778626154
9006,0,0.0986252348377229
9009,0,0.3031258629934134
9013,0,0.2751427230795916
9014,1,0.7010059798524022
9016,0,0.05778954221348842
9025,0,0.16914424027409936
9026,0,0.02914547967600173
9027,0,0.35513632187329885
9031,0,0.4578719033361527
9032,0,0.4511868434059865
9034,0,0.2603394411276093
9051,0,0.40770119469547583
9057,0,0.2642228334176604
9060,0,0.031706274055269545
9065,1,0.8800485217213142
9071,0,0.19752499870457524
9076,0,0.4572528438058518
9077,0,0.2201859820180322
9081,0,0.39321459175891954
9083,0,0.016582331893781888
9084,0,0.016489325860196247
9090,1,0.9986013458687362
9098,0,0.06496632465745883
9108,1,0.8104697459969237
9123,0,0.4321209933097193
9129,0,0.15610005565337964
9137,0,0.07324084682594934
9151,0,0.2199681227228139
9152,1,0.6314109963509255
9158,0,0.26613450128359833
9164,0,0.37522469722286494
9166,0,0.3280540139507022
9168,0,0.15494001044805866
9185,1,0.9753904071061753
9187,0,0.2820320192764536
9189,0,0.3543872452929937
9190,0,0.19733907635894504
9191,0,0.22420802099643228
9211,0,0.3029632434379384
9217,0,0.38047310653791155
9227,0,0.38392557214362644
9232,0,0.08452121159725812
9241,0,0.16750957492673263
9249,0,0.16435427794809382
9252,0,0.120033079276399
9260,0,0.302791526500798
9269,0,0.4184915820194334
9278,0,0.45484219563888506
9293,0,0.2884899846883774
9301,0,0.2352383482618291
9307,0,0.22574734626668358
9312,0,0.2884378192766395
9318,0,0.2040354941927346
9319,0,0.17334537646326476
9321,0,0.13800023427564084
9328,0,0.34760258041059794
9332,0,0.0014615477921603448
9342,0,0.3034836796615744
9343,0,0.23106220611180617
9348,0,0.0883571739700143
9360,0,0.008118850635698227
9361,0,0.25992135999546
9363,0,0.3716976940179451
9375,1,0.8270321691100205
9378,0,0.4340925071907438
9385,0,0.22815412599284157
9388,0,0.19579888283535063
9391,0,0.07618249608459426
9397,0,0.3200451287163439
9398,0,0.4015713012950686
9399,0,0.45215584353573474
9401,0,0.31224471660232994
9407,0,0.3552695272989865
9412,0,0.30843346351986944
9417,0,0.34410593887427615
9429,0,0.22680985660458292
9435,1,0.6420049665924639
9455,1,0.9030336801496448
9461,0,0.17920636973539134
9470,1,0.7071412203540482
9478,0,0.11734749454019372
9482,0,0.3332177567472272
9486,0,0.25648842349938866
9489,0,0.09120890936596404
9504,0,0.020731623133146748
9505,0,0.2981459767667676
9507,0,0.30672079090102433
9508,0,0.3748095987261898
9516,0,0.29774093430011367
9518,0,0.40995072642433605
9526,0,0.26414100960252496
9530,0,0.1812803069227149
9541,0,0.44696820856036645
9543,0,0.3404805207282821
9556,0,0.14674920122070356
9568,0,0.03400029527692894
9571,0,0.31911574560178935
9595,1,0.9500285331464197
9598,1,0.8069306090732236
9603,0,0.1639586395437828
9615,0,0.14569785001850682
9642,0,0.2503350516530319
9643,1,0.7793730885329211
9644,0,0.29868058898104616
9650,0,0.11114963003268624
9671,0,0.4872762991794891
9674,0,0.15843261789447244
9676,0,0.08733911997251959
9679,0,0.148167543901292
9683,1,0.6769736252400618
9684,0,0.4299373568385298
9692,0,0.4587531103580068
9695,0,0.44442009014547884
9698,1,0.5170334569974598
9708,1,0.8257733684557749
9711,0,0.17548145628791267
9715,0,0.1652119249019508
9722,0,0.4942589310016164
9724,0,0.408990397973511
9728,0,0.42223388872230133
9729,0,0.04629434712303332
9730,0,0.337345119004027
9732,0,0.18298207321165733
9735,1,0.9561122414023034
9736,0,0.3735196217321339
9737,0,0.47872233285531635
9738,0,0.0060425628706419765
9752,0,0.4346461104082723
9754,0,0.3072596935167766
9766,0,0.24453694281074417
9770,0,0.24036432867002133
9773,0,0.10826980805402109
9777,1,0.8930600783369401
9782,0,0.4295435213096767
9786,0,0.08786928196009752
9790,0,0.3039925933849318
9799,0,0.47417628677638407
9808,1,0.9416541520500841
9813,0,0.2963472426734712
9823,0,0.08550852405211301
9829,0,0.0371326215973265
9830,0,0.30289834498281354
9835,0,0.12035722091843687
9838,1,0.680955918752371
9842,0,0.4138887795631751
9844,0,0.08220328322220011
9849,0,0.05727102503398407
9850,1,0.7678938016880681
9854,0,0.010629822082193097
9855,1,0.8324175739073298
9859,0,0.49997739837028
9860,1,0.6951236407354304
9864,0,0.2593451858320332
9868,0,0.2930190541289595
9869,0,0.17074298413384986
9871,1,0.5420593282292875
9873,0,0.06499406719167988
9897,0,0.17035145135532737
9899,0,0.37309939815327614
9910,0,0.2154230111553191
9913,1,0.958779350973014
9917,1,0.5674570456810044
9932,1,0.8977397413151593
9933,1,0.508996967030395
9937,0,0.004734393069691867
9938,1,0.9729306113044004
9968,1,0.5631784761096201
9969,0,0.27274281774953335
9971,0,0.26323238057481174
9972,0,0.33043925536917107
9978,1,0.5397944127291368
9979,0,0.3955955255700294
9981,1,0.6712911183985206
9983,1,0.8706424715061926
9984,0,0.2731893300706539
9985,0,0.48142719988366467
9993,0,0.16766357583965036
9997,0,0.021855567874928206
9998,0,0.4608207438211958
10003,0,0.2910752089818472
10004,1,0.7298865670869643
10007,0,0.21597988369208837
10012,0,0.019272972798694943
10025,0,0.05505596215534897
10026,1,0.5790988610031709
10042,0,0.06141353322511539
10053,0,0.41866164042154863
10054,0,0.39078536438488554
10057,0,0.2943713967367027
10061,0,0.4751321287584843
10065,0,0.3400394100418888
10070,0,0.3065189197757849
10079,0,0.13301875534869068
10080,1,0.6927671823324726
10085,0,0.08476739011628853
10086,1,0.8097634776107491
10091,0,0.44292410271011723
10103,0,0.25325941436642674
10107,1,0.8848204355306163
10108,0,0.06386929432568039
10109,0,0.4118539267114065
10119,1,0.744658013737081
10120,0,0.45108570130202164
10122,1,0.9511535279269323
10131,0,0.19821406489061416
10137,0,0.31789665069339856
10142,0,0.4842658587994479
10145,0,0.17129390099101882
10148,0,0.07561119453966542
10154,0,0.3837390318049492
10165,0,0.16261770561938188
10167,0,0.10442355570094758
10177,0,0.3113201757957829
10180,0,0.39714958310372556
10184,1,0.7759421186914388
10187,1,0.8920831716622681
10188,0,0.0014226756783551897
10189,0,0.4456589888769198
10193,0,0.19998450497714731
10195,0,0.47019193411917926
10199,0,0.2800352009971947
10204,0,0.20653220906978748
10208,0,0.028762379914523295
10212,1,0.8360839061581644
10215,0,0.32967298618889
10216,0,0.1792076787571813
10226,0,0.29601120225324956
10233,1,0.9804335624572426
10235,0,0.004049410863360192
10237,1,0.9784574151367904
10240,0,0.14412062139471027
10244,1,0.8422394583441959
10250,0,0.10560379064876274
10275,0,0.21573772122277024
10278,0,0.4618110029188585
10279,0,0.48113235627957274
10281,0,0.13149638211490128
10284,0,0.38352090236666925
10290,0,0.43212245095588153
10291,1,0.6400209643795254
10307,1,0.5961173043080472
10314,0,0.32102693250557324
10325,0,0.41608970180352656
10350,0,0.016607341289379685
10353,0,0.11146842399122009
10366,0,0.09395948674919502
10369,0,0.45729484252400865
10371,0,0.49738290533887636
10373,0,0.43213328764922926
10376,0,0.3854873842206465
10379,0,0.24701338630641145
10383,0,0.36676284101939105
10390,0,0.2607469423849131
10394,0,0.09333407549636707
10396,0,0.499907348683995
10414,0,0.15788163921508636
10419,1,0.5738857378152242
10422,1,0.8154514852565762
10433,0,0.2243264075085037
10434,0,0.1497949458323961
10436,1,0.5073974611323813
10451,0,0.0441164207558557
10465,0,0.11713818502002926
10468,0,0.31072045333925574
10476,0,0.14436090150367364
10477,1,0.5753854681708523
10496,0,0.34466366340932764
10505,0,0.32306368600357444
10506,0,0.249943973934445
10512,0,0.16607889724012154
10513,0,0.12078327092420094
10517,1,0.6568069620814745
10524,0,0.0729782160938055
10525,0,0.46847048970813365
10529,0,0.21216514639269984
10530,1,0.8473941471173188
10531,0,0.26117630061719327
10535,1,0.9635702831202506
10547,0,0.37697089676000695
10571,0,0.18124054915590393
10572,0,0.030056192472500465
10573,0,0.043309708553469495
10574,0,0.3570109238449569
10580,0,0.4917389338760594
10588,0,0.17172594979871403
10590,0,0.3370004713945837
10593,0,0.44356759267200097
10596,0,0.39923787716732734
10597,0,0.4009161330675454
10602,0,0.22809614368268555
10607,0,0.17183396918043853
10613,0,0.0002431906611571888
10620,0,0.34345056825942266
10622,0,0.45354930342601035
10626,0,0.4899808823455778
10628,0,0.11895842069109053
10636,0,0.22285562955839672
10643,1,0.8802583976594386
10648,0,0.3626326898268814
10652,0,0.496360417911806
10658,1,0.5017738999989032
10662,0,0.3287644202199742
10663,0,0.22050381304529681
10667,0,0.16194660913384062
10669,0,0.4918429487111614
10688,0,0.013455441738437213
10691,0,0.3665834147429748
10692,0,0.06637126986685615
10694,0,0.17021299587828603
10699,0,0.06518317385934741
10703,0,0.04185080722171425
10709,0,0.19667158732954887
10711,0,0.1413604540120405
10714,0,0.08301619595884607
10718,0,0.27358663727441196
10720,0,0.00575104104570856
10725,1,0.9583788012960834
10727,0,0.3283320449545455
10730,1,0.9884090729129098
10733,0,0.38329295046240913
10741,0,0.40702617446360223
10767,1,0.6098144568625038
10770,0,0.06695015474069105
10771,1,0.5652374213413871
10787,0,0.17581604955977498
10790,0,0.24750234560108836
10792,0,0.39539037676065014
10800,0,0.17764258055025328
10803,0,0.17018509071431664
10804,1,0.5931296573187939
10811,0,0.4663501157800658
10813,0,0.345697225637215
10824,0,0.23821150771763933
10827,0,0.4892082813181752
10830,0,0.02212348082454557
10833,1,0.5826577497992256
10836,0,0.299488370116808
10841,0,0.19153521286416614
10845,0,0.2940866405938566
10848,0,0.12000543294563765
10852,1,0.9230938213160922
10856,0,0.43599536358572455
10858,1,0.5896881969048435
10861,1,0.6079405304802435
10871,0,0.3187481697720496
10887,0,0.28540893966197745
10891,0,0.38337756093390396
10900,1,0.6918595793398292
10912,0,0.0635983395864308
10917,0,0.3839087450539868
10926,0,0.12635373929393873
10928,0,0.205319125604075
10932,0,0.3381246819753052
10933,0,0.0064936817399073865
10937,0,0.2768948699502853
10941,0,0.14421344803463515
10944,0,0.19716077394423026
10947,0,0.23239389091583007
10959,1,0.9602120870186044
10964,0,0.03372210403986253
10975,0,0.45231836945890563
10978,0,0.28781828865711995
10984,1,0.7489965468439066
10996,0,0.48557366088923026
11002,0,0.1326628979096789
11007,0,0.2761823166334619
11008,0,0.004467271833033526
11014,0,0.05600458913992129
11024,0,0.16521202735129598
11029,0,0.21504691458029018
11036,0,0.28669604732403975
11040,0,0.24706475983134063
11053,0,0.4067771806816227
11064,0,0.29392706954978676
11065,0,0.057382650172331406
11066,0,0.2288307366143722
11074,0,0.4034155837515075
11076,1,0.6571657431957649
11081,0,0.1804778244091404
11089,0,0.35950829894719505
11097,0,0.47531682967727945
11098,1,0.5070665870359937
11102,0,0.2165389387941768
11120,1,0.8822566831469103
11121,0,0.09652422438477043
11133,1,0.6986748987543262
11137,0,0.47129209838381775
11143,1,0.6526243989514751
11146,0,0.2003942553309035
11151,1,0.854533398233179
11156,0,0.10342525267147473
11157,0,0.4024102825220238
11167,0,0.16534237653420403
11174,0,0.059641571782839964
11183,0,0.029114207022198912
11184,0,0.49923691415995847
11188,0,0.15217721595903555
11200,1,0.6995028455194181
11204,1,0.9204419002442442
11214,1,0.839906370202339
11216,0,0.41081019511290423
11220,0,0.49998485418571753
11229,0,0.12061935211570407
11231,0,0.14026527911594822
11234,1,0.9100603042036699
11236,0,0.18317152050499536
11240,0,0.3540929703698167
11250,1,0.7786245859729732
11255,1,0.7690859243091313
11262,1,0.5388378465570414
11267,1,0.9082648252398106
11277,0,0.189981555552459
11282,1,0.7426823249631342
11284,0,0.16838398833787355
11295,1,0.8539175406904056
11299,0,0.14287428337459868
11301,0,0.3436903274744051
11311,0,0.34976706547934816
11313,1,0.9044454833071844
11319,0,0.2988047550241419
11326,0,0.016547240726977663
11330,0,0.20735456554272508
11351,1,0.7900323586798461
11354,1,0.5963404778500856
11357,1,0.868066801469485
11359,0,0.3631580899258779
11362,0,0.2628689612574579
11364,0,0.3602417810454155
11366,0,0.11539815151810473
11372,0,0.2534903822957249
11374,0,0.4540425446986382
11377,1,0.703858670725256
11394,0,0.19770009028191093
11398,0,0.0827525241025242
11402,0,0.26402667648877276
11403,0,0.2569217961204357
11408,1,0.9178566755111901
11409,1,0.5609552227542407
11413,0,0.39965942361949924
11414,0,0.3912601776902022
11444,0,0.13473855546188201
11446,0,0.31259932969134324
11448,1,0.9195819616330183
11449,1,0.9990557064519134
11461,1,0.6578913145864643
11466,0,0.3694444621637235
11478,0,0.012623817205677679
11483,0,0.2265496022864698
11488,1,0.6700661532373051
11493,0,0.026756452852790824
11498,0,0.4200327948643361
11499,0,0.10772095723405234
11506,0,0.37955501310310436
11509,1,0.9771301294226813
11512,1,0.7265740463968589
11513,0,0.2215248293867218
11527,0,0.3843993806409345
11545,0,0.09278490314726184
11546,0,0.3738152233613472
11552,0,0.38263179399397923
11553,0,0.41064114056830636
11558,1,0.5456226642198179
11559,0,0.30712635770741864
11562,0,0.41240151946438575
11567,0,0.3247536424781987
11570,0,0.3628814916560038
11574,0,0.3374428018908586
11577,0,0.2383321225295314
11578,1,0.9796092030209282
11581,0,0.12454645744550796
11586,0,0.3995122765148944
11599,0,0.44246676537900026
11602,0,0.3870057211049763
11607,0,0.3006985529571971
11611,0,0.15671721081043244
11619,0,0.3020813348566411
11621,1,0.9138814974803304
11623,0,0.34149716509281675
11625,0,0.33790063006986043
11627,1,0.7409982728103066
11630,0,0.4473981612626095
11631,0,0.22907606395522828
11633,0,0.07510849343005516
11635,0,0.17650096609381655
11636,1,0.7633737185226377
11637,0,0.10272985299128912
11644,0,0.4431790866621421
11645,1,0.5110396342183605
11646,0,0.14032458322206443
11650,0,0.49862831925502676
11654,0,0.2759522910966881
11657,0,0.0994068256915277
11660,0,0.3664305064270097
11663,0,0.22339450964152985
11666,1,0.5803077373033363
11672,0,0.40789085745735315
11679,0,0.34538132694595247
11690,1,0.8194005221442828
11696,0,0.3495144544948991
11701,0,0.05764749099552424
11702,1,0.6498908174378666
11706,0,0.3434458843696108
11716,0,0.46812155114560594
11734,0,0.24869723464877408
11740,0,0.13316803847754644
11752,0,0.09727821487103355
11758,0,0.33164762164508577
11763,0,0.06242403289412879
11769,1,0.7294318737287582
11774,0,0.3906228504975471
11776,0,0.37568882658702657
11797,0,0.13126286880993798
11802,0,0.480562771011403
11811,1,0.7488097220720236
11817,0,0.3237579048245228
11822,0,0.0008884423503803807
11826,1,0.9223067862994248
11829,0,0.3234114634551073
11833,0,0.05754554023062802
11838,0,0.3641910748145488
11840,0,0.3337882505851336
11841,0,0.4632862685359771
11842,0,0.06744005491006183
11849,0,0.35400866402567166
11850,0,0.30200381901839984
11855,1,0.590426562324353
11856,0,0.3417257324820992
11861,0,0.38297683771466784
11862,0,0.08511080608037347
11864,0,0.4742762963201473
11869,1,0.5082220561639001
11881,0,0.21855697565730264
11892,0,0.03351705712631764
11896,0,0.38748844790097764
11901,0,0.4227695394219146
11915,0,0.32430158110046653
11919,0,0.11122356485427093
11920,0,0.18922966770258853
11921,0,0.09756993790920615
11927,0,0.16456414839392203
11929,1,0.6189833265679556
11934,0,0.24284141135416437
11943,0,0.13909982188715686
11945,0,0.34210532965355017
11955,0,0.014056788959288358
11957,0,0.20642913202954372
11958,0,0.17347724556903482
11960,1,0.925062229450613
11961,0,0.21596980729882187
11969,0,0.43021385199070084
11972,0,0.4077715616061812
11977,1,0.65905558716837
11985,0,0.49963628264692134
11999,0,0.09046168452160719
12006,0,0.18103874401078768
12011,0,0.10310617048450121
12012,0,0.16582337685031612
12018,0,0.291217996652121
12025,1,0.5299414301277878
12026,0,0.36457547633698356
12030,0,0.16713513397186192
12037,0,0.29629245007688554
12038,1,0.7633422935674722
12042,0,0.4383164830262029
12047,1,0.5281145911358469
12049,0,0.37091527662647045
12060,0,0.10131586360811962
12062,0,0.23772007905058745
12065,1,0.6831504638720882
12069,1,0.8649183079527099
12070,0,0.07126750517216046
12075,0,0.10897019678807213
12076,0,0.12960705183311255
12078,1,0.9264515273251415
12081,0,0.03698493042955364
12088,0,0.0971763354848722
12089,0,0.06636211444710732
12091,1,0.7482607649422652
12092,0,0.12609002152455767
12095,1,0.9778291678067412
12098,0,0.38729588022439015
12107,1,0.5967194861227214
12108,0,0.2444029608214438
12110,1,0.5963285238468858
12113,0,0.31141193036180587
12114,0,0.3876125051197986
12121,0,0.4284523495489253
12122,0,0.10204911643989867
12123,0,0.34541403336302073
12126,0,0.06096353208458277
12133,0,0.2081730384230544
12135,0,0.1548019766763793
12136,0,0.1532718576709377
12140,0,0.009055638802186516
12144,1,0.5758490410238049
12146,0,0.1701202264962381
12150,0,0.3569250753478661
12155,0,0.3882498354389618
12159,0,0.38947081181470744
12168,0,0.2665788390387298
12170,0,0.33577863511952627
12173,1,0.5003615984745285
12176,1,0.7865613531699307
12192,0,0.22280370996824733
12193,0,0.30918260161842176
12194,0,0.18086555543991678
12199,0,0.22851600535845518
12201,0,0.34141980896492247
12211,0,0.04483499160726806
12213,0,0.31930614804663415
12228,0,0.41036204583098684
12240,1,0.828539813318008
12250,0,0.2959984590495753
12262,0,0.43765831369988023
12267,0,0.20621691355528005
12275,1,0.5385293311463984
12277,1,0.7060846602180033
12278,0,0.05260925432174568
12279,0,0.24371060606380207
12282,0,0.29712927995042165
12283,0,0.23358572208575734
12285,0,0.4663165508471193
12286,0,0.2654731067339477
12291,0,0.001336435264138791
12293,1,0.9121478846571769
12296,1,0.6844764059343382
12299,0,0.2894846872380538
12314,0,0.4536176848149481
12316,0,0.41066375186952647
12325,1,0.9249058348426951
12331,0,0.4857780387014461
12334,1,0.624130816799011
12335,0,0.16388579435290884
12339,0,0.04519124650592227
12340,1,0.9604722889622237
12350,0,0.25858555144388423
12351,0,0.16791990159148407
12358,0,0.25426780608841576
12372,0,0.33105523404938314
12376,0,0.3840004159337892
12377,0,0.38313303648494407
12378,0,0.028533956236239943
12380,1,0.6660791197246136
12387,0,0.3208824101662714
12392,0,0.22886905855309897
12403,1,0.9578436052121433
12407,0,0.31287956202179235
12410,1,0.874932815961419
12411,0,0.46080608129740125
12419,0,0.21661358062120117
12427,0,0.2722075075997493
12429,0,0.2803998109834274
12449,1,0.6824377991775292
12463,0,0.16057144912562993
12468,1,0.6797131613495576
12470,0,0.3780160410645363
12474,0,0.4189297868565552
12477,0,0.2779979261507658
12478,0,0.44370671848417603
12482,0,0.28025390370346165
12484,0,0.3453628158561693
12487,0,0.12033523556849202
12489,0,0.47106773700011
